Nama Produk,Harga Produk,Potongan Harga,Harga Normal,Status Penanganan,Penilaian,Total Penjualan
Logitech K580 Keyboard Slim MultiDevice Wireless Bluetooth - Graphite,Rp 643.000,0.28,Rp 899.000,Dilayani Tokopedia,5,Terjual 1 rb+
"Logitech BRIO Webcam Pro Ultra HD 4K, Noise-Cancelling",Rp 2.685.000,0.3,Rp 3.839.000,Dilayani Tokopedia,5,Terjual 250+
"Logitech C920 Webcam PRO Full HD 1080p Autofocus, Noise-Cancelling",Rp 899.000,0.25,Rp 1.199.000,Dilayani Tokopedia,4.9,Terjual 10 rb+
Logitech BCC950 Conference Cam ORI BNIB,Rp2.150.000,0,0,Kab. Karimun,5,Terjual 250+
Logitech M350 Pebble Wireless Silent Mouse Logitech Peble M 350,Rp319.000,0,0,Jakarta Barat,5,Terjual 4 rb+
Exclusive Tokopedia - Logitech M275 Wireless Mouse - Black,Rp181.000,0.39,Rp299.000,Dilayani Tokopedia,4.9,Terjual 10 rb+
Logitech M650 Wireless Mouse Bluetooh M650/L M 650,Rp403.500,0.1,Rp450.000,Jakarta Barat,5,Terjual 2 rb+
Logitech Pebble M350 Wireless Bluetooth Mouse,Rp310.000,0,0,Depok,5,Terjual 250+
"Logitech B175 Mouse Wireless untuk Windows, Mac, Linux dan ChromeOS",Rp109.000,0.45,Rp199.000,Dilayani Tokopedia,4.9,Terjual 100 rb+
Logitech M220 Mouse Wireless Silent Click,Rp175.000,0.3,Rp249.000,Dilayani Tokopedia,4.9,Terjual 10 rb+
Exclusive Tokopedia - Logitech M275 Wireless Mouse - Black,Rp181.000,0.39,Rp299.000,Dilayani Tokopedia,4.9,Terjual 10 rb+
Logitech Mouse Kabel B100 GARANSI RESMI 1TAHUN,Rp49.000,0.3,Rp70.000,Jakarta Pusat,4.9,Terjual 10 rb+
Robot Guru Master 1 Vertical Bluetooth Wireless Mouse (spt Logitech),Rp198.000,0.01,Rp200.000,Jakarta Pusat,5,Terjual 500+
Keyboard Logitech K120 USB,Rp109.000,0,0,Dilayani Tokopedia,5,Terjual 9 rb+
Logitech H151 Headset Stereo Mikrofon Noise-Cancelling,Rp172.000,0.25,Rp229.000,Dilayani Tokopedia,4.9,Terjual 9 rb+
Logitech M331 Silent Plus Mouse Wireless M 331,Rp218.500,0.03,Rp225.000,Jakarta Barat,5,Terjual 6 rb+
Mouse Logitech B100 USB,Rp50.900,0,0,Dilayani Tokopedia,5,Terjual 10 rb+
[FS] Logitech M275 Wireless Mouse - Black,Rp181.000,0.39,Rp299.000,Jakarta Timur,4.9,Terjual 10 rb+
Logitech MX Master 3S Wireless Bluetooth Mouse MX Master 3 S,Rp1.499.999,0.02,Rp1.525.000,Dilayani Tokopedia,5,Terjual 1 rb+
[FS] Logitech M220 Silent Wireless Mouse - Graphite,Rp175.000,0.3,Rp249.000,Jakarta Timur,4.9,Terjual 10 rb+
Logitech MX Anywhere 3S Mouse Wireless Bluetooth Silent Rechargeable ,Rp989.000,0.29,Rp1.399.000,Jakarta Barat,5,Terjual 13
Logitech Wired Mouse M100R Kabel,Rp71.250,0,0,Jakarta Barat,5,Terjual 4 rb+
[FS] Logitech B175 Wireless Mouse,Rp109.000,0.45,Rp199.000,Jakarta Timur,4.9,Terjual 10 rb+
Logitech M720 Mouse Wireless Bluetooth Multi-Device Hyper Fast-Scroll,Rp684.000,0.26,Rp929.000,Dilayani Tokopedia,4.9,Terjual 500+
Logitech B100 Optical Usb Mouse Garansi Resmi Mouse Komputer,Rp51.000,0,0,Dilayani Tokopedia,5,Terjual 6 rb+
Mouse Logitech M90 ORIGINAL HD Optical Wired Mouse GARANSI RESMI1 Th,Rp47.000,0,0,Jakarta Pusat,5,Terjual 2 rb+
LOGITECH MOUSE KABEL B100 / CABLE MOUSE B 100 / 100% ORIGINAL,Rp48.000,0,0,Jakarta Pusat,4.9,Terjual 10 rb+
Logitech Pebble M350 Mouse Wireless Bluetooth Slim Silent – Blueberry,Rp309.000,0.16,Rp369.999,Dilayani Tokopedia,5,Terjual 1 rb+
Mouse Logitech Bluetooth M337,Rp100.000,0,0,Bandung,4.9,Terjual 100+
Logitech MK215 Combo Keyboard dan Mouse Wireless Compact,Rp265.000,0.11,Rp299.000,Dilayani Tokopedia,4.9,Terjual 10 rb+
Logitech Logi Bolt USB Receiver,Rp151.000,0,0,Jakarta Pusat,4.9,Terjual 100+
"Logitech B170 Mouse Wireless untuk Windows, Mac, Linux dan ChromeOS",Rp109.000,0.31,Rp159.000,Dilayani Tokopedia,4.9,Terjual 10 rb+
LOGITECH WIRELESS MOUSE M331 SILENT / MOUSE WIRELESS M 331 SILENT,Rp210.250,0.3,Rp299.000,Jakarta Utara,5,Terjual 2 rb+
Logitech Pop Mouse Wireless Bluetooth Mouse with Customizable Emoji,Rp378.000,0.16,Rp449.000,Jakarta Barat,5,Terjual 500+
[FS] Logitech Wireless Mouse M191 - Mid Grey,Rp139.000,0.54,Rp299.000,Jakarta Timur,4.9,Terjual 10 rb+
Logitech MX Master 3S for Mac Wireless Bluetooth Mouse - MX Master 3 S,Rp1.515.000,0.11,Rp1.699.000,Jakarta Barat,5,Terjual 90+
Logitech MX Master 3S Performance Mouse Wireless Bluetooth Quiet Click,Rp1.565.000,0.07,Rp1.689.000,Dilayani Tokopedia,5,Terjual 1 rb+
Logitech LIFT Mouse Ergonomic Vertical Wireless Bluetooth Silent,Rp797.000,0.47,Rp1.499.000,Jakarta Barat,5,Terjual 750+
Logitech MK120 Combo Keyboard dan Mouse Wired Combo,Rp149.000,0.12,Rp169.000,Jakarta Pusat,5,Terjual 500+
Logitech B100 Mouse Kabel USB Optical,Rp56.000,0.37,Rp89.000,Dilayani Tokopedia,4.9,Terjual 10 rb+
Logitech MK120 Combo Keyboard USB&Mouse USB,Rp152.000,0.02,Rp155.000,Jakarta Pusat,5,Terjual 4 rb+
"Logitech C270 Webcam HD 720p untuk Windows, Mac OS & Chrome OS",Rp271.000,0.4,Rp449.000,Dilayani Tokopedia,5,Terjual 10 rb+
Logitech M221 Mouse Wireless Silent Click - Charcoal,Rp197.000,0.27,Rp269.000,Dilayani Tokopedia,4.9,Terjual 3 rb+
Mouse Logitech B100 Optical USB Kabel/Mouse Kabel USB /Optical /Laptop,Rp47.400,0,0,Jakarta Pusat,5,Terjual 250+
Mouse Wireless Logitech M170 Original Garansi Resmi,Rp107.900,0,0,Jakarta Utara,5,Terjual 500+
Logitech MX Master 2S Mouse Wireless Bluetooth for Power User,Rp914.000,0.39,Rp1.499.000,Jakarta Timur,4.8,Terjual 1 rb+
Casing Hard Case Cover Pelindung Pouch Mouse Logitech M650L / M650,Rp84.999,0,0,Jakarta Utara,4.9,Terjual 250+
Logitech M350 Pebble Wireless Silent Mouse Logitech Peble M 350,Rp319.000,0,0,Jakarta Barat,5,Terjual 4 rb+
Logitech Pebble M350 Mouse Wireless Bluetooth Slim Silent,Rp309.000,0.16,Rp369.999,Dilayani Tokopedia,5,Terjual 10 rb+
Web Cam Logitech C270HD - Webcam Logitech C270HD,Rp250.000,0,0,Jakarta Barat,5,Terjual 3 rb+
Mouse Logitech M331 Silent Wireless,Rp207.000,0,0,Bandung,5,Terjual 2 rb+
Logitech M331 Mouse Wireless Silent Click - Blue,Rp227.000,0.24,Rp299.000,Dilayani Tokopedia,4.9,Terjual 3 rb+
Mouse Logitech Wireless M170 Original Garansi Resmi 1 Tahun,Rp111.100,0,0,Jakarta Pusat,5,Terjual 2 rb+
"Logitech M171 Mouse Wireless untuk Windows, Mac, ChromeOS - Grey",Rp155.000,0.18,Rp189.000,Dilayani Tokopedia,4.9,Terjual 1 rb+
Logitech Pebble Wireless Bluetooth Mouse M350,Rp289.700,0,0,Jakarta Pusat,5,Terjual 750+
Logitech M170 Mouse Wireless,Rp111.100,0,0,Jakarta Pusat,5,Terjual 2 rb+
"Logitech M171 Mouse Wireless untuk Windows, Mac, ChromeOS - Off White",Rp155.000,0.18,Rp189.000,Dilayani Tokopedia,4.9,Terjual 100+
Mouse LOGITECH B100 / B 100 USB,Rp48.800,0,0,Jakarta Pusat,5,Terjual 2 rb+
Logitech B100 Optical Mouse USB Original Garansi Resmi 1 Tahun,Rp49.000,0,0,Jakarta Pusat,5,Terjual 2 rb+
Logitech M221 Mouse Wireless Silent Click - Off White,Rp197.000,0.27,Rp269.000,Dilayani Tokopedia,4.9,Terjual 1 rb+
Logitech B175 Wireless Mouse Original Garansi Resmi,Rp105.000,0,0,Jakarta Barat,5,Terjual 1 rb+
Logitech Pebble Wireless Bluetooth Mouse M350 Garansi Resmi,Rp285.000,0.25,Rp380.000,Surakarta,4.9,Terjual 29
LOGITECH WIRELESS MOUSE M221 SILENT / MOUSE WIRELESS M 221 ORIGINAL,Rp177.800,0.29,Rp249.000,Jakarta Pusat,4.9,Terjual 750+
Mouse Logitech B100 Original Wired (Kabel),Rp47.000,0,0,Jakarta Pusat,4.9,Terjual 250+
LOGITECH Wireless Mouse Optical M331 SILENT PLUS M-331 BLACK,Rp210.000,0,0,Jakarta Pusat,5,Terjual 1 rb+
Mouse USB Logitech M90,Rp48.500,0,0,Jakarta Barat,5,Terjual 10 rb+
MOUSE USB LOGITECH B100 %ORIGINAL,Rp47.400,0,0,Jakarta Pusat,5,Terjual 1 rb+
Logitech Signature M650L Mouse Wireless Bluetooth Silent Garansi 1th,Rp397.000,0,0,Jakarta Pusat,5,Terjual 50+
[FS] Logitech B175 Wireless Mouse,Rp109.000,0.45,Rp199.000,Jakarta Timur,4.9,Terjual 10 rb+
Mouse Logitech B100,Rp50.500,0,0,Jakarta Barat,4.9,Terjual 6 rb+
Logitech M190 Mouse Wireless Full Size - Charcoal,Rp160.000,0.2,Rp199.000,Dilayani Tokopedia,4.9,Terjual 1 rb+
Logitech B100 Mouse Usb Wired Hitam Kabel Original,Rp45.000,0.1,Rp50.000,Tangerang,5,Terjual 100+
Mouse Logitech Wireless M170 Mouse Garansi Original Resmi,Rp109.500,0,0,Jakarta Pusat,5,Terjual 100+
Logitech LIFT Mouse Ergonomic Vertical Wireless Bluetooth Silent,Rp840.000,0.35,Rp1.289.000,Dilayani Tokopedia,5,Terjual 1 rb+
Webcame Logitech C270 HD Original / Webcamera / Kamera pc / laptop,Rp239.999,0.63,Rp650.000,Jakarta Utara,4.9,Terjual 1 rb+
Logitech M187 Mouse Wireless Mini Portable - White,Rp175.000,0.3,Rp249.000,Dilayani Tokopedia,4.9,Terjual 1 rb+
"Logitech K400 Plus Keyboard Wireless Touchpad untuk PC,SmartTV - Black",Rp475.000,0.35,Rp729.000,Dilayani Tokopedia,4.9,Terjual 2 rb+
Logitech C922 PRO STREAM Webcam Background Replacement + Tripod,Rp1.189.000,0.21,Rp1.499.000,Dilayani Tokopedia,5,Terjual 2 rb+
"Logitech B170 Mouse Wireless untuk Windows, Mac, Linux dan ChromeOS",Rp109.000,0.31,Rp159.000,Dilayani Tokopedia,4.9,Terjual 10 rb+
Logitech MX Anywhere 3 Mouse Wireless Mouse Bluetooth MX Anywhere3,Rp999.000,0.17,Rp1.199.000,Jakarta Barat,5,Terjual 1 rb+
"Logitech B175 Mouse Wireless untuk Windows, Mac, Linux dan ChromeOS",Rp109.000,0.45,Rp199.000,Dilayani Tokopedia,4.9,Terjual 100 rb+
Mouse Wireless Logitech M221 Silent Mouse,Rp183.000,0,0,Jakarta Barat,5,Terjual 250+
Logitech LIFT Mouse Ergonomic Vertical Wireless Bluetooth Silent,Rp840.000,0.35,Rp1.289.000,Dilayani Tokopedia,5,Terjual 1 rb+
Logitech K580 Keyboard Slim MultiDevice Wireless Bluetooth - Graphite,Rp 643.000,0.28,Rp 899.000,Dilayani Tokopedia,5,Terjual 1 rb+
"Logitech BRIO Webcam Pro Ultra HD 4K, Noise-Cancelling",Rp 2.685.000,0.3,Rp 3.839.000,Dilayani Tokopedia,5,Terjual 250+
"Logitech C920 Webcam PRO Full HD 1080p Autofocus, Noise-Cancelling",Rp 899.000,0.25,Rp 1.199.000,Dilayani Tokopedia,4.9,Terjual 10 rb+
Logitech BCC950 Conference Cam ORI BNIB,Rp2.150.000,0,0,Kab. Karimun,5,Terjual 250+
Logitech M350 Pebble Wireless Silent Mouse Logitech Peble M 350,Rp319.000,0,0,Jakarta Barat,5,Terjual 4 rb+
Exclusive Tokopedia - Logitech M275 Wireless Mouse - Black,Rp181.000,0.39,Rp299.000,Dilayani Tokopedia,4.9,Terjual 10 rb+
Logitech M650 Wireless Mouse Bluetooh M650/L M 650,Rp403.500,0.1,Rp450.000,Jakarta Barat,5,Terjual 2 rb+
Logitech Pebble M350 Wireless Bluetooth Mouse,Rp310.000,0,0,Depok,5,Terjual 250+
"Logitech B175 Mouse Wireless untuk Windows, Mac, Linux dan ChromeOS",Rp109.000,0.45,Rp199.000,Dilayani Tokopedia,4.9,Terjual 100 rb+
Logitech M220 Mouse Wireless Silent Click,Rp175.000,0.3,Rp249.000,Dilayani Tokopedia,4.9,Terjual 10 rb+
Exclusive Tokopedia - Logitech M275 Wireless Mouse - Black,Rp181.000,0.39,Rp299.000,Dilayani Tokopedia,4.9,Terjual 10 rb+
Logitech Mouse Kabel B100 GARANSI RESMI 1TAHUN,Rp49.000,0.3,Rp70.000,Jakarta Pusat,4.9,Terjual 10 rb+
Robot Guru Master 1 Vertical Bluetooth Wireless Mouse (spt Logitech),Rp198.000,0.01,Rp200.000,Jakarta Pusat,5,Terjual 500+
Keyboard Logitech K120 USB,Rp109.000,0,0,Dilayani Tokopedia,5,Terjual 9 rb+
Logitech H151 Headset Stereo Mikrofon Noise-Cancelling,Rp172.000,0.25,Rp229.000,Dilayani Tokopedia,4.9,Terjual 9 rb+
Logitech M331 Silent Plus Mouse Wireless M 331,Rp218.500,0.03,Rp225.000,Jakarta Barat,5,Terjual 6 rb+
Mouse Logitech B100 USB,Rp50.900,0,0,Dilayani Tokopedia,5,Terjual 10 rb+
[FS] Logitech M275 Wireless Mouse - Black,Rp181.000,0.39,Rp299.000,Jakarta Timur,4.9,Terjual 10 rb+
Logitech MX Master 3S Wireless Bluetooth Mouse MX Master 3 S,Rp1.499.999,0.02,Rp1.525.000,Dilayani Tokopedia,5,Terjual 1 rb+
[FS] Logitech M220 Silent Wireless Mouse - Graphite,Rp175.000,0.3,Rp249.000,Jakarta Timur,4.9,Terjual 10 rb+
Logitech MX Anywhere 3S Mouse Wireless Bluetooth Silent Rechargeable ,Rp989.000,0.29,Rp1.399.000,Jakarta Barat,5,Terjual 13
Logitech Wired Mouse M100R Kabel,Rp71.250,0,0,Jakarta Barat,5,Terjual 4 rb+
[FS] Logitech B175 Wireless Mouse,Rp109.000,0.45,Rp199.000,Jakarta Timur,4.9,Terjual 10 rb+
Logitech M720 Mouse Wireless Bluetooth Multi-Device Hyper Fast-Scroll,Rp684.000,0.26,Rp929.000,Dilayani Tokopedia,4.9,Terjual 500+
Logitech B100 Optical Usb Mouse Garansi Resmi Mouse Komputer,Rp51.000,0,0,Dilayani Tokopedia,5,Terjual 6 rb+
Mouse Logitech M90 ORIGINAL HD Optical Wired Mouse GARANSI RESMI1 Th,Rp47.000,0,0,Jakarta Pusat,5,Terjual 2 rb+
LOGITECH MOUSE KABEL B100 / CABLE MOUSE B 100 / 100% ORIGINAL,Rp48.000,0,0,Jakarta Pusat,4.9,Terjual 10 rb+
Logitech Pebble M350 Mouse Wireless Bluetooth Slim Silent – Blueberry,Rp309.000,0.16,Rp369.999,Dilayani Tokopedia,5,Terjual 1 rb+
Mouse Logitech Bluetooth M337,Rp100.000,0,0,Bandung,4.9,Terjual 100+
Logitech MK215 Combo Keyboard dan Mouse Wireless Compact,Rp265.000,0.11,Rp299.000,Dilayani Tokopedia,4.9,Terjual 10 rb+
Logitech Logi Bolt USB Receiver,Rp151.000,0,0,Jakarta Pusat,4.9,Terjual 100+
"Logitech B170 Mouse Wireless untuk Windows, Mac, Linux dan ChromeOS",Rp109.000,0.31,Rp159.000,Dilayani Tokopedia,4.9,Terjual 10 rb+
LOGITECH WIRELESS MOUSE M331 SILENT / MOUSE WIRELESS M 331 SILENT,Rp210.250,0.3,Rp299.000,Jakarta Utara,5,Terjual 2 rb+
Logitech Pop Mouse Wireless Bluetooth Mouse with Customizable Emoji,Rp378.000,0.16,Rp449.000,Jakarta Barat,5,Terjual 500+
[FS] Logitech Wireless Mouse M191 - Mid Grey,Rp139.000,0.54,Rp299.000,Jakarta Timur,4.9,Terjual 10 rb+
Logitech MX Master 3S for Mac Wireless Bluetooth Mouse - MX Master 3 S,Rp1.515.000,0.11,Rp1.699.000,Jakarta Barat,5,Terjual 90+
Logitech MX Master 3S Performance Mouse Wireless Bluetooth Quiet Click,Rp1.565.000,0.07,Rp1.689.000,Dilayani Tokopedia,5,Terjual 1 rb+
Logitech LIFT Mouse Ergonomic Vertical Wireless Bluetooth Silent,Rp797.000,0.47,Rp1.499.000,Jakarta Barat,5,Terjual 750+
Logitech MK120 Combo Keyboard dan Mouse Wired Combo,Rp149.000,0.12,Rp169.000,Jakarta Pusat,5,Terjual 500+
Logitech B100 Mouse Kabel USB Optical,Rp56.000,0.37,Rp89.000,Dilayani Tokopedia,4.9,Terjual 10 rb+
Logitech MK120 Combo Keyboard USB&Mouse USB,Rp152.000,0.02,Rp155.000,Jakarta Pusat,5,Terjual 4 rb+
"Logitech C270 Webcam HD 720p untuk Windows, Mac OS & Chrome OS",Rp271.000,0.4,Rp449.000,Dilayani Tokopedia,5,Terjual 10 rb+
Logitech M221 Mouse Wireless Silent Click - Charcoal,Rp197.000,0.27,Rp269.000,Dilayani Tokopedia,4.9,Terjual 3 rb+
Mouse Logitech B100 Optical USB Kabel/Mouse Kabel USB /Optical /Laptop,Rp47.400,0,0,Jakarta Pusat,5,Terjual 250+
Mouse Wireless Logitech M170 Original Garansi Resmi,Rp107.900,0,0,Jakarta Utara,5,Terjual 500+
Logitech MX Master 2S Mouse Wireless Bluetooth for Power User,Rp914.000,0.39,Rp1.499.000,Jakarta Timur,4.8,Terjual 1 rb+
Casing Hard Case Cover Pelindung Pouch Mouse Logitech M650L / M650,Rp84.999,0,0,Jakarta Utara,4.9,Terjual 250+
Logitech M350 Pebble Wireless Silent Mouse Logitech Peble M 350,Rp319.000,0,0,Jakarta Barat,5,Terjual 4 rb+
Logitech Pebble M350 Mouse Wireless Bluetooth Slim Silent,Rp309.000,0.16,Rp369.999,Dilayani Tokopedia,5,Terjual 10 rb+
Web Cam Logitech C270HD - Webcam Logitech C270HD,Rp250.000,0,0,Jakarta Barat,5,Terjual 3 rb+
Mouse Logitech M331 Silent Wireless,Rp207.000,0,0,Bandung,5,Terjual 2 rb+
Logitech M331 Mouse Wireless Silent Click - Blue,Rp227.000,0.24,Rp299.000,Dilayani Tokopedia,4.9,Terjual 3 rb+
Mouse Logitech Wireless M170 Original Garansi Resmi 1 Tahun,Rp111.100,0,0,Jakarta Pusat,5,Terjual 2 rb+
"Logitech M171 Mouse Wireless untuk Windows, Mac, ChromeOS - Grey",Rp155.000,0.18,Rp189.000,Dilayani Tokopedia,4.9,Terjual 1 rb+
Logitech Pebble Wireless Bluetooth Mouse M350,Rp289.700,0,0,Jakarta Pusat,5,Terjual 750+
Logitech M170 Mouse Wireless,Rp111.100,0,0,Jakarta Pusat,5,Terjual 2 rb+
"Logitech M171 Mouse Wireless untuk Windows, Mac, ChromeOS - Off White",Rp155.000,0.18,Rp189.000,Dilayani Tokopedia,4.9,Terjual 100+
Mouse LOGITECH B100 / B 100 USB,Rp48.800,0,0,Jakarta Pusat,5,Terjual 2 rb+
Logitech B100 Optical Mouse USB Original Garansi Resmi 1 Tahun,Rp49.000,0,0,Jakarta Pusat,5,Terjual 2 rb+
Logitech M221 Mouse Wireless Silent Click - Off White,Rp197.000,0.27,Rp269.000,Dilayani Tokopedia,4.9,Terjual 1 rb+
Logitech B175 Wireless Mouse Original Garansi Resmi,Rp105.000,0,0,Jakarta Barat,5,Terjual 1 rb+
Logitech Pebble Wireless Bluetooth Mouse M350 Garansi Resmi,Rp285.000,0.25,Rp380.000,Surakarta,4.9,Terjual 29
LOGITECH WIRELESS MOUSE M221 SILENT / MOUSE WIRELESS M 221 ORIGINAL,Rp177.800,0.29,Rp249.000,Jakarta Pusat,4.9,Terjual 750+
Mouse Logitech B100 Original Wired (Kabel),Rp47.000,0,0,Jakarta Pusat,4.9,Terjual 250+
LOGITECH Wireless Mouse Optical M331 SILENT PLUS M-331 BLACK,Rp210.000,0,0,Jakarta Pusat,5,Terjual 1 rb+
Mouse USB Logitech M90,Rp48.500,0,0,Jakarta Barat,5,Terjual 10 rb+
MOUSE USB LOGITECH B100 %ORIGINAL,Rp47.400,0,0,Jakarta Pusat,5,Terjual 1 rb+
Logitech Signature M650L Mouse Wireless Bluetooth Silent Garansi 1th,Rp397.000,0,0,Jakarta Pusat,5,Terjual 50+
[FS] Logitech B175 Wireless Mouse,Rp109.000,0.45,Rp199.000,Jakarta Timur,4.9,Terjual 10 rb+
Mouse Logitech B100,Rp50.500,0,0,Jakarta Barat,4.9,Terjual 6 rb+
Logitech M190 Mouse Wireless Full Size - Charcoal,Rp160.000,0.2,Rp199.000,Dilayani Tokopedia,4.9,Terjual 1 rb+
Logitech B100 Mouse Usb Wired Hitam Kabel Original,Rp45.000,0.1,Rp50.000,Tangerang,5,Terjual 100+
Mouse Logitech Wireless M170 Mouse Garansi Original Resmi,Rp109.500,0,0,Jakarta Pusat,5,Terjual 100+
Logitech LIFT Mouse Ergonomic Vertical Wireless Bluetooth Silent,Rp840.000,0.35,Rp1.289.000,Dilayani Tokopedia,5,Terjual 1 rb+
Webcame Logitech C270 HD Original / Webcamera / Kamera pc / laptop,Rp239.999,0.63,Rp650.000,Jakarta Utara,4.9,Terjual 1 rb+
Logitech M187 Mouse Wireless Mini Portable - White,Rp175.000,0.3,Rp249.000,Dilayani Tokopedia,4.9,Terjual 1 rb+
"Logitech K400 Plus Keyboard Wireless Touchpad untuk PC,SmartTV - Black",Rp475.000,0.35,Rp729.000,Dilayani Tokopedia,4.9,Terjual 2 rb+
Logitech C922 PRO STREAM Webcam Background Replacement + Tripod,Rp1.189.000,0.21,Rp1.499.000,Dilayani Tokopedia,5,Terjual 2 rb+
"Logitech B170 Mouse Wireless untuk Windows, Mac, Linux dan ChromeOS",Rp109.000,0.31,Rp159.000,Dilayani Tokopedia,4.9,Terjual 10 rb+
Logitech MX Anywhere 3 Mouse Wireless Mouse Bluetooth MX Anywhere3,Rp999.000,0.17,Rp1.199.000,Jakarta Barat,5,Terjual 1 rb+
"Logitech B175 Mouse Wireless untuk Windows, Mac, Linux dan ChromeOS",Rp109.000,0.45,Rp199.000,Dilayani Tokopedia,4.9,Terjual 100 rb+
Mouse Wireless Logitech M221 Silent Mouse,Rp183.000,0,0,Jakarta Barat,5,Terjual 250+
Logitech LIFT Mouse Ergonomic Vertical Wireless Bluetooth Silent,Rp840.000,0.35,Rp1.289.000,Dilayani Tokopedia,5,Terjual 1 rb+
Logitech K580 Keyboard Slim MultiDevice Wireless Bluetooth - Graphite,Rp 643.000,0.28,Rp 899.000,Dilayani Tokopedia,5,Terjual 1 rb+
"Logitech BRIO Webcam Pro Ultra HD 4K, Noise-Cancelling",Rp 2.685.000,0.3,Rp 3.839.000,Dilayani Tokopedia,5,Terjual 250+
"Logitech C920 Webcam PRO Full HD 1080p Autofocus, Noise-Cancelling",Rp 899.000,0.25,Rp 1.199.000,Dilayani Tokopedia,4.9,Terjual 10 rb+
Logitech BCC950 Conference Cam ORI BNIB,Rp2.150.000,0,0,Kab. Karimun,5,Terjual 250+
Logitech M350 Pebble Wireless Silent Mouse Logitech Peble M 350,Rp319.000,0,0,Jakarta Barat,5,Terjual 4 rb+
Exclusive Tokopedia - Logitech M275 Wireless Mouse - Black,Rp181.000,0.39,Rp299.000,Dilayani Tokopedia,4.9,Terjual 10 rb+
Logitech M650 Wireless Mouse Bluetooh M650/L M 650,Rp403.500,0.1,Rp450.000,Jakarta Barat,5,Terjual 2 rb+
Logitech Pebble M350 Wireless Bluetooth Mouse,Rp310.000,0,0,Depok,5,Terjual 250+
"Logitech B175 Mouse Wireless untuk Windows, Mac, Linux dan ChromeOS",Rp109.000,0.45,Rp199.000,Dilayani Tokopedia,4.9,Terjual 100 rb+
Logitech M220 Mouse Wireless Silent Click,Rp175.000,0.3,Rp249.000,Dilayani Tokopedia,4.9,Terjual 10 rb+
Exclusive Tokopedia - Logitech M275 Wireless Mouse - Black,Rp181.000,0.39,Rp299.000,Dilayani Tokopedia,4.9,Terjual 10 rb+
Logitech Mouse Kabel B100 GARANSI RESMI 1TAHUN,Rp49.000,0.3,Rp70.000,Jakarta Pusat,4.9,Terjual 10 rb+
Robot Guru Master 1 Vertical Bluetooth Wireless Mouse (spt Logitech),Rp198.000,0.01,Rp200.000,Jakarta Pusat,5,Terjual 500+
Keyboard Logitech K120 USB,Rp109.000,0,0,Dilayani Tokopedia,5,Terjual 9 rb+
Logitech H151 Headset Stereo Mikrofon Noise-Cancelling,Rp172.000,0.25,Rp229.000,Dilayani Tokopedia,4.9,Terjual 9 rb+
Logitech M331 Silent Plus Mouse Wireless M 331,Rp218.500,0.03,Rp225.000,Jakarta Barat,5,Terjual 6 rb+
Mouse Logitech B100 USB,Rp50.900,0,0,Dilayani Tokopedia,5,Terjual 10 rb+
[FS] Logitech M275 Wireless Mouse - Black,Rp181.000,0.39,Rp299.000,Jakarta Timur,4.9,Terjual 10 rb+
Logitech MX Master 3S Wireless Bluetooth Mouse MX Master 3 S,Rp1.499.999,0.02,Rp1.525.000,Dilayani Tokopedia,5,Terjual 1 rb+
[FS] Logitech M220 Silent Wireless Mouse - Graphite,Rp175.000,0.3,Rp249.000,Jakarta Timur,4.9,Terjual 10 rb+
Logitech MX Anywhere 3S Mouse Wireless Bluetooth Silent Rechargeable ,Rp989.000,0.29,Rp1.399.000,Jakarta Barat,5,Terjual 13
Logitech Wired Mouse M100R Kabel,Rp71.250,0,0,Jakarta Barat,5,Terjual 4 rb+
[FS] Logitech B175 Wireless Mouse,Rp109.000,0.45,Rp199.000,Jakarta Timur,4.9,Terjual 10 rb+
Logitech M720 Mouse Wireless Bluetooth Multi-Device Hyper Fast-Scroll,Rp684.000,0.26,Rp929.000,Dilayani Tokopedia,4.9,Terjual 500+
Logitech B100 Optical Usb Mouse Garansi Resmi Mouse Komputer,Rp51.000,0,0,Dilayani Tokopedia,5,Terjual 6 rb+
Mouse Logitech M90 ORIGINAL HD Optical Wired Mouse GARANSI RESMI1 Th,Rp47.000,0,0,Jakarta Pusat,5,Terjual 2 rb+
LOGITECH MOUSE KABEL B100 / CABLE MOUSE B 100 / 100% ORIGINAL,Rp48.000,0,0,Jakarta Pusat,4.9,Terjual 10 rb+
Logitech Pebble M350 Mouse Wireless Bluetooth Slim Silent – Blueberry,Rp309.000,0.16,Rp369.999,Dilayani Tokopedia,5,Terjual 1 rb+
Mouse Logitech Bluetooth M337,Rp100.000,0,0,Bandung,4.9,Terjual 100+
Logitech MK215 Combo Keyboard dan Mouse Wireless Compact,Rp265.000,0.11,Rp299.000,Dilayani Tokopedia,4.9,Terjual 10 rb+
Logitech Logi Bolt USB Receiver,Rp151.000,0,0,Jakarta Pusat,4.9,Terjual 100+
"Logitech B170 Mouse Wireless untuk Windows, Mac, Linux dan ChromeOS",Rp109.000,0.31,Rp159.000,Dilayani Tokopedia,4.9,Terjual 10 rb+
LOGITECH WIRELESS MOUSE M331 SILENT / MOUSE WIRELESS M 331 SILENT,Rp210.250,0.3,Rp299.000,Jakarta Utara,5,Terjual 2 rb+
Logitech Pop Mouse Wireless Bluetooth Mouse with Customizable Emoji,Rp378.000,0.16,Rp449.000,Jakarta Barat,5,Terjual 500+
[FS] Logitech Wireless Mouse M191 - Mid Grey,Rp139.000,0.54,Rp299.000,Jakarta Timur,4.9,Terjual 10 rb+
Logitech MX Master 3S for Mac Wireless Bluetooth Mouse - MX Master 3 S,Rp1.515.000,0.11,Rp1.699.000,Jakarta Barat,5,Terjual 90+
Logitech MX Master 3S Performance Mouse Wireless Bluetooth Quiet Click,Rp1.565.000,0.07,Rp1.689.000,Dilayani Tokopedia,5,Terjual 1 rb+
Logitech LIFT Mouse Ergonomic Vertical Wireless Bluetooth Silent,Rp797.000,0.47,Rp1.499.000,Jakarta Barat,5,Terjual 750+
Logitech MK120 Combo Keyboard dan Mouse Wired Combo,Rp149.000,0.12,Rp169.000,Jakarta Pusat,5,Terjual 500+
Logitech B100 Mouse Kabel USB Optical,Rp56.000,0.37,Rp89.000,Dilayani Tokopedia,4.9,Terjual 10 rb+
Logitech MK120 Combo Keyboard USB&Mouse USB,Rp152.000,0.02,Rp155.000,Jakarta Pusat,5,Terjual 4 rb+
"Logitech C270 Webcam HD 720p untuk Windows, Mac OS & Chrome OS",Rp271.000,0.4,Rp449.000,Dilayani Tokopedia,5,Terjual 10 rb+
Logitech M221 Mouse Wireless Silent Click - Charcoal,Rp197.000,0.27,Rp269.000,Dilayani Tokopedia,4.9,Terjual 3 rb+
Mouse Logitech B100 Optical USB Kabel/Mouse Kabel USB /Optical /Laptop,Rp47.400,0,0,Jakarta Pusat,5,Terjual 250+
Mouse Wireless Logitech M170 Original Garansi Resmi,Rp107.900,0,0,Jakarta Utara,5,Terjual 500+
Logitech MX Master 2S Mouse Wireless Bluetooth for Power User,Rp914.000,0.39,Rp1.499.000,Jakarta Timur,4.8,Terjual 1 rb+
Casing Hard Case Cover Pelindung Pouch Mouse Logitech M650L / M650,Rp84.999,0,0,Jakarta Utara,4.9,Terjual 250+
Logitech M350 Pebble Wireless Silent Mouse Logitech Peble M 350,Rp319.000,0,0,Jakarta Barat,5,Terjual 4 rb+
Logitech Pebble M350 Mouse Wireless Bluetooth Slim Silent,Rp309.000,0.16,Rp369.999,Dilayani Tokopedia,5,Terjual 10 rb+
Web Cam Logitech C270HD - Webcam Logitech C270HD,Rp250.000,0,0,Jakarta Barat,5,Terjual 3 rb+
Mouse Logitech M331 Silent Wireless,Rp207.000,0,0,Bandung,5,Terjual 2 rb+
Logitech M331 Mouse Wireless Silent Click - Blue,Rp227.000,0.24,Rp299.000,Dilayani Tokopedia,4.9,Terjual 3 rb+
Mouse Logitech Wireless M170 Original Garansi Resmi 1 Tahun,Rp111.100,0,0,Jakarta Pusat,5,Terjual 2 rb+
"Logitech M171 Mouse Wireless untuk Windows, Mac, ChromeOS - Grey",Rp155.000,0.18,Rp189.000,Dilayani Tokopedia,4.9,Terjual 1 rb+
Logitech Pebble Wireless Bluetooth Mouse M350,Rp289.700,0,0,Jakarta Pusat,5,Terjual 750+
Logitech M170 Mouse Wireless,Rp111.100,0,0,Jakarta Pusat,5,Terjual 2 rb+
"Logitech M171 Mouse Wireless untuk Windows, Mac, ChromeOS - Off White",Rp155.000,0.18,Rp189.000,Dilayani Tokopedia,4.9,Terjual 100+
Mouse LOGITECH B100 / B 100 USB,Rp48.800,0,0,Jakarta Pusat,5,Terjual 2 rb+
Logitech B100 Optical Mouse USB Original Garansi Resmi 1 Tahun,Rp49.000,0,0,Jakarta Pusat,5,Terjual 2 rb+
Logitech M221 Mouse Wireless Silent Click - Off White,Rp197.000,0.27,Rp269.000,Dilayani Tokopedia,4.9,Terjual 1 rb+
Logitech B175 Wireless Mouse Original Garansi Resmi,Rp105.000,0,0,Jakarta Barat,5,Terjual 1 rb+
Logitech Pebble Wireless Bluetooth Mouse M350 Garansi Resmi,Rp285.000,0.25,Rp380.000,Surakarta,4.9,Terjual 29
LOGITECH WIRELESS MOUSE M221 SILENT / MOUSE WIRELESS M 221 ORIGINAL,Rp177.800,0.29,Rp249.000,Jakarta Pusat,4.9,Terjual 750+
Mouse Logitech B100 Original Wired (Kabel),Rp47.000,0,0,Jakarta Pusat,4.9,Terjual 250+
LOGITECH Wireless Mouse Optical M331 SILENT PLUS M-331 BLACK,Rp210.000,0,0,Jakarta Pusat,5,Terjual 1 rb+
Mouse USB Logitech M90,Rp48.500,0,0,Jakarta Barat,5,Terjual 10 rb+
MOUSE USB LOGITECH B100 %ORIGINAL,Rp47.400,0,0,Jakarta Pusat,5,Terjual 1 rb+
Logitech Signature M650L Mouse Wireless Bluetooth Silent Garansi 1th,Rp397.000,0,0,Jakarta Pusat,5,Terjual 50+
[FS] Logitech B175 Wireless Mouse,Rp109.000,0.45,Rp199.000,Jakarta Timur,4.9,Terjual 10 rb+
Mouse Logitech B100,Rp50.500,0,0,Jakarta Barat,4.9,Terjual 6 rb+
Logitech M190 Mouse Wireless Full Size - Charcoal,Rp160.000,0.2,Rp199.000,Dilayani Tokopedia,4.9,Terjual 1 rb+
Logitech B100 Mouse Usb Wired Hitam Kabel Original,Rp45.000,0.1,Rp50.000,Tangerang,5,Terjual 100+
Mouse Logitech Wireless M170 Mouse Garansi Original Resmi,Rp109.500,0,0,Jakarta Pusat,5,Terjual 100+
Logitech LIFT Mouse Ergonomic Vertical Wireless Bluetooth Silent,Rp840.000,0.35,Rp1.289.000,Dilayani Tokopedia,5,Terjual 1 rb+
Webcame Logitech C270 HD Original / Webcamera / Kamera pc / laptop,Rp239.999,0.63,Rp650.000,Jakarta Utara,4.9,Terjual 1 rb+
Logitech M187 Mouse Wireless Mini Portable - White,Rp175.000,0.3,Rp249.000,Dilayani Tokopedia,4.9,Terjual 1 rb+
"Logitech K400 Plus Keyboard Wireless Touchpad untuk PC,SmartTV - Black",Rp475.000,0.35,Rp729.000,Dilayani Tokopedia,4.9,Terjual 2 rb+
Logitech C922 PRO STREAM Webcam Background Replacement + Tripod,Rp1.189.000,0.21,Rp1.499.000,Dilayani Tokopedia,5,Terjual 2 rb+
"Logitech B170 Mouse Wireless untuk Windows, Mac, Linux dan ChromeOS",Rp109.000,0.31,Rp159.000,Dilayani Tokopedia,4.9,Terjual 10 rb+
Logitech MX Anywhere 3 Mouse Wireless Mouse Bluetooth MX Anywhere3,Rp999.000,0.17,Rp1.199.000,Jakarta Barat,5,Terjual 1 rb+
"Logitech B175 Mouse Wireless untuk Windows, Mac, Linux dan ChromeOS",Rp109.000,0.45,Rp199.000,Dilayani Tokopedia,4.9,Terjual 100 rb+
Mouse Wireless Logitech M221 Silent Mouse,Rp183.000,0,0,Jakarta Barat,5,Terjual 250+
Logitech LIFT Mouse Ergonomic Vertical Wireless Bluetooth Silent,Rp840.000,0.35,Rp1.289.000,Dilayani Tokopedia,5,Terjual 1 rb+
Logitech K580 Keyboard Slim MultiDevice Wireless Bluetooth - Graphite,Rp 643.000,0.28,Rp 899.000,Dilayani Tokopedia,5,Terjual 1 rb+
"Logitech BRIO Webcam Pro Ultra HD 4K, Noise-Cancelling",Rp 2.685.000,0.3,Rp 3.839.000,Dilayani Tokopedia,5,Terjual 250+
"Logitech C920 Webcam PRO Full HD 1080p Autofocus, Noise-Cancelling",Rp 899.000,0.25,Rp 1.199.000,Dilayani Tokopedia,4.9,Terjual 10 rb+
Logitech BCC950 Conference Cam ORI BNIB,Rp2.150.000,0,0,Kab. Karimun,5,Terjual 250+
Logitech M350 Pebble Wireless Silent Mouse Logitech Peble M 350,Rp319.000,0,0,Jakarta Barat,5,Terjual 4 rb+
Exclusive Tokopedia - Logitech M275 Wireless Mouse - Black,Rp181.000,0.39,Rp299.000,Dilayani Tokopedia,4.9,Terjual 10 rb+
Logitech M650 Wireless Mouse Bluetooh M650/L M 650,Rp403.500,0.1,Rp450.000,Jakarta Barat,5,Terjual 2 rb+
Logitech Pebble M350 Wireless Bluetooth Mouse,Rp310.000,0,0,Depok,5,Terjual 250+
"Logitech B175 Mouse Wireless untuk Windows, Mac, Linux dan ChromeOS",Rp109.000,0.45,Rp199.000,Dilayani Tokopedia,4.9,Terjual 100 rb+
Logitech M220 Mouse Wireless Silent Click,Rp175.000,0.3,Rp249.000,Dilayani Tokopedia,4.9,Terjual 10 rb+
Exclusive Tokopedia - Logitech M275 Wireless Mouse - Black,Rp181.000,0.39,Rp299.000,Dilayani Tokopedia,4.9,Terjual 10 rb+
Logitech Mouse Kabel B100 GARANSI RESMI 1TAHUN,Rp49.000,0.3,Rp70.000,Jakarta Pusat,4.9,Terjual 10 rb+
Robot Guru Master 1 Vertical Bluetooth Wireless Mouse (spt Logitech),Rp198.000,0.01,Rp200.000,Jakarta Pusat,5,Terjual 500+
Keyboard Logitech K120 USB,Rp109.000,0,0,Dilayani Tokopedia,5,Terjual 9 rb+
Logitech H151 Headset Stereo Mikrofon Noise-Cancelling,Rp172.000,0.25,Rp229.000,Dilayani Tokopedia,4.9,Terjual 9 rb+
Logitech M331 Silent Plus Mouse Wireless M 331,Rp218.500,0.03,Rp225.000,Jakarta Barat,5,Terjual 6 rb+
Mouse Logitech B100 USB,Rp50.900,0,0,Dilayani Tokopedia,5,Terjual 10 rb+
[FS] Logitech M275 Wireless Mouse - Black,Rp181.000,0.39,Rp299.000,Jakarta Timur,4.9,Terjual 10 rb+
Logitech MX Master 3S Wireless Bluetooth Mouse MX Master 3 S,Rp1.499.999,0.02,Rp1.525.000,Dilayani Tokopedia,5,Terjual 1 rb+
[FS] Logitech M220 Silent Wireless Mouse - Graphite,Rp175.000,0.3,Rp249.000,Jakarta Timur,4.9,Terjual 10 rb+
Logitech MX Anywhere 3S Mouse Wireless Bluetooth Silent Rechargeable ,Rp989.000,0.29,Rp1.399.000,Jakarta Barat,5,Terjual 13
Logitech Wired Mouse M100R Kabel,Rp71.250,0,0,Jakarta Barat,5,Terjual 4 rb+
[FS] Logitech B175 Wireless Mouse,Rp109.000,0.45,Rp199.000,Jakarta Timur,4.9,Terjual 10 rb+
Logitech M720 Mouse Wireless Bluetooth Multi-Device Hyper Fast-Scroll,Rp684.000,0.26,Rp929.000,Dilayani Tokopedia,4.9,Terjual 500+
Logitech B100 Optical Usb Mouse Garansi Resmi Mouse Komputer,Rp51.000,0,0,Dilayani Tokopedia,5,Terjual 6 rb+
Mouse Logitech M90 ORIGINAL HD Optical Wired Mouse GARANSI RESMI1 Th,Rp47.000,0,0,Jakarta Pusat,5,Terjual 2 rb+
LOGITECH MOUSE KABEL B100 / CABLE MOUSE B 100 / 100% ORIGINAL,Rp48.000,0,0,Jakarta Pusat,4.9,Terjual 10 rb+
Logitech Pebble M350 Mouse Wireless Bluetooth Slim Silent – Blueberry,Rp309.000,0.16,Rp369.999,Dilayani Tokopedia,5,Terjual 1 rb+
Mouse Logitech Bluetooth M337,Rp100.000,0,0,Bandung,4.9,Terjual 100+
Logitech MK215 Combo Keyboard dan Mouse Wireless Compact,Rp265.000,0.11,Rp299.000,Dilayani Tokopedia,4.9,Terjual 10 rb+
Logitech Logi Bolt USB Receiver,Rp151.000,0,0,Jakarta Pusat,4.9,Terjual 100+
"Logitech B170 Mouse Wireless untuk Windows, Mac, Linux dan ChromeOS",Rp109.000,0.31,Rp159.000,Dilayani Tokopedia,4.9,Terjual 10 rb+
LOGITECH WIRELESS MOUSE M331 SILENT / MOUSE WIRELESS M 331 SILENT,Rp210.250,0.3,Rp299.000,Jakarta Utara,5,Terjual 2 rb+
Logitech Pop Mouse Wireless Bluetooth Mouse with Customizable Emoji,Rp378.000,0.16,Rp449.000,Jakarta Barat,5,Terjual 500+
[FS] Logitech Wireless Mouse M191 - Mid Grey,Rp139.000,0.54,Rp299.000,Jakarta Timur,4.9,Terjual 10 rb+
Logitech MX Master 3S for Mac Wireless Bluetooth Mouse - MX Master 3 S,Rp1.515.000,0.11,Rp1.699.000,Jakarta Barat,5,Terjual 90+
Logitech MX Master 3S Performance Mouse Wireless Bluetooth Quiet Click,Rp1.565.000,0.07,Rp1.689.000,Dilayani Tokopedia,5,Terjual 1 rb+
Logitech LIFT Mouse Ergonomic Vertical Wireless Bluetooth Silent,Rp797.000,0.47,Rp1.499.000,Jakarta Barat,5,Terjual 750+
Logitech MK120 Combo Keyboard dan Mouse Wired Combo,Rp149.000,0.12,Rp169.000,Jakarta Pusat,5,Terjual 500+
Logitech B100 Mouse Kabel USB Optical,Rp56.000,0.37,Rp89.000,Dilayani Tokopedia,4.9,Terjual 10 rb+
Logitech MK120 Combo Keyboard USB&Mouse USB,Rp152.000,0.02,Rp155.000,Jakarta Pusat,5,Terjual 4 rb+
"Logitech C270 Webcam HD 720p untuk Windows, Mac OS & Chrome OS",Rp271.000,0.4,Rp449.000,Dilayani Tokopedia,5,Terjual 10 rb+
Logitech M221 Mouse Wireless Silent Click - Charcoal,Rp197.000,0.27,Rp269.000,Dilayani Tokopedia,4.9,Terjual 3 rb+
Mouse Logitech B100 Optical USB Kabel/Mouse Kabel USB /Optical /Laptop,Rp47.400,0,0,Jakarta Pusat,5,Terjual 250+
Mouse Wireless Logitech M170 Original Garansi Resmi,Rp107.900,0,0,Jakarta Utara,5,Terjual 500+
Logitech MX Master 2S Mouse Wireless Bluetooth for Power User,Rp914.000,0.39,Rp1.499.000,Jakarta Timur,4.8,Terjual 1 rb+
Casing Hard Case Cover Pelindung Pouch Mouse Logitech M650L / M650,Rp84.999,0,0,Jakarta Utara,4.9,Terjual 250+
Logitech M350 Pebble Wireless Silent Mouse Logitech Peble M 350,Rp319.000,0,0,Jakarta Barat,5,Terjual 4 rb+
Logitech Pebble M350 Mouse Wireless Bluetooth Slim Silent,Rp309.000,0.16,Rp369.999,Dilayani Tokopedia,5,Terjual 10 rb+
Web Cam Logitech C270HD - Webcam Logitech C270HD,Rp250.000,0,0,Jakarta Barat,5,Terjual 3 rb+
Mouse Logitech M331 Silent Wireless,Rp207.000,0,0,Bandung,5,Terjual 2 rb+
Logitech M331 Mouse Wireless Silent Click - Blue,Rp227.000,0.24,Rp299.000,Dilayani Tokopedia,4.9,Terjual 3 rb+
Mouse Logitech Wireless M170 Original Garansi Resmi 1 Tahun,Rp111.100,0,0,Jakarta Pusat,5,Terjual 2 rb+
"Logitech M171 Mouse Wireless untuk Windows, Mac, ChromeOS - Grey",Rp155.000,0.18,Rp189.000,Dilayani Tokopedia,4.9,Terjual 1 rb+
Logitech Pebble Wireless Bluetooth Mouse M350,Rp289.700,0,0,Jakarta Pusat,5,Terjual 750+
Logitech M170 Mouse Wireless,Rp111.100,0,0,Jakarta Pusat,5,Terjual 2 rb+
"Logitech M171 Mouse Wireless untuk Windows, Mac, ChromeOS - Off White",Rp155.000,0.18,Rp189.000,Dilayani Tokopedia,4.9,Terjual 100+
Mouse LOGITECH B100 / B 100 USB,Rp48.800,0,0,Jakarta Pusat,5,Terjual 2 rb+
Logitech B100 Optical Mouse USB Original Garansi Resmi 1 Tahun,Rp49.000,0,0,Jakarta Pusat,5,Terjual 2 rb+
Logitech M221 Mouse Wireless Silent Click - Off White,Rp197.000,0.27,Rp269.000,Dilayani Tokopedia,4.9,Terjual 1 rb+
Logitech B175 Wireless Mouse Original Garansi Resmi,Rp105.000,0,0,Jakarta Barat,5,Terjual 1 rb+
Logitech Pebble Wireless Bluetooth Mouse M350 Garansi Resmi,Rp285.000,0.25,Rp380.000,Surakarta,4.9,Terjual 29
LOGITECH WIRELESS MOUSE M221 SILENT / MOUSE WIRELESS M 221 ORIGINAL,Rp177.800,0.29,Rp249.000,Jakarta Pusat,4.9,Terjual 750+
Mouse Logitech B100 Original Wired (Kabel),Rp47.000,0,0,Jakarta Pusat,4.9,Terjual 250+
LOGITECH Wireless Mouse Optical M331 SILENT PLUS M-331 BLACK,Rp210.000,0,0,Jakarta Pusat,5,Terjual 1 rb+
Mouse USB Logitech M90,Rp48.500,0,0,Jakarta Barat,5,Terjual 10 rb+
MOUSE USB LOGITECH B100 %ORIGINAL,Rp47.400,0,0,Jakarta Pusat,5,Terjual 1 rb+
Logitech Signature M650L Mouse Wireless Bluetooth Silent Garansi 1th,Rp397.000,0,0,Jakarta Pusat,5,Terjual 50+
[FS] Logitech B175 Wireless Mouse,Rp109.000,0.45,Rp199.000,Jakarta Timur,4.9,Terjual 10 rb+
Mouse Logitech B100,Rp50.500,0,0,Jakarta Barat,4.9,Terjual 6 rb+
Logitech M190 Mouse Wireless Full Size - Charcoal,Rp160.000,0.2,Rp199.000,Dilayani Tokopedia,4.9,Terjual 1 rb+
Logitech B100 Mouse Usb Wired Hitam Kabel Original,Rp45.000,0.1,Rp50.000,Tangerang,5,Terjual 100+
Mouse Logitech Wireless M170 Mouse Garansi Original Resmi,Rp109.500,0,0,Jakarta Pusat,5,Terjual 100+
Logitech LIFT Mouse Ergonomic Vertical Wireless Bluetooth Silent,Rp840.000,0.35,Rp1.289.000,Dilayani Tokopedia,5,Terjual 1 rb+
Webcame Logitech C270 HD Original / Webcamera / Kamera pc / laptop,Rp239.999,0.63,Rp650.000,Jakarta Utara,4.9,Terjual 1 rb+
Logitech M187 Mouse Wireless Mini Portable - White,Rp175.000,0.3,Rp249.000,Dilayani Tokopedia,4.9,Terjual 1 rb+
"Logitech K400 Plus Keyboard Wireless Touchpad untuk PC,SmartTV - Black",Rp475.000,0.35,Rp729.000,Dilayani Tokopedia,4.9,Terjual 2 rb+
Logitech C922 PRO STREAM Webcam Background Replacement + Tripod,Rp1.189.000,0.21,Rp1.499.000,Dilayani Tokopedia,5,Terjual 2 rb+
"Logitech B170 Mouse Wireless untuk Windows, Mac, Linux dan ChromeOS",Rp109.000,0.31,Rp159.000,Dilayani Tokopedia,4.9,Terjual 10 rb+
Logitech MX Anywhere 3 Mouse Wireless Mouse Bluetooth MX Anywhere3,Rp999.000,0.17,Rp1.199.000,Jakarta Barat,5,Terjual 1 rb+
"Logitech B175 Mouse Wireless untuk Windows, Mac, Linux dan ChromeOS",Rp109.000,0.45,Rp199.000,Dilayani Tokopedia,4.9,Terjual 100 rb+
Mouse Wireless Logitech M221 Silent Mouse,Rp183.000,0,0,Jakarta Barat,5,Terjual 250+
Logitech LIFT Mouse Ergonomic Vertical Wireless Bluetooth Silent,Rp840.000,0.35,Rp1.289.000,Dilayani Tokopedia,5,Terjual 1 rb+
Logitech K580 Keyboard Slim MultiDevice Wireless Bluetooth - Graphite,Rp 643.000,0.28,Rp 899.000,Dilayani Tokopedia,5,Terjual 1 rb+
"Logitech BRIO Webcam Pro Ultra HD 4K, Noise-Cancelling",Rp 2.685.000,0.3,Rp 3.839.000,Dilayani Tokopedia,5,Terjual 250+
"Logitech C920 Webcam PRO Full HD 1080p Autofocus, Noise-Cancelling",Rp 899.000,0.25,Rp 1.199.000,Dilayani Tokopedia,4.9,Terjual 10 rb+
Logitech BCC950 Conference Cam ORI BNIB,Rp2.150.000,0,0,Kab. Karimun,5,Terjual 250+
Logitech M350 Pebble Wireless Silent Mouse Logitech Peble M 350,Rp319.000,0,0,Jakarta Barat,5,Terjual 4 rb+
Exclusive Tokopedia - Logitech M275 Wireless Mouse - Black,Rp181.000,0.39,Rp299.000,Dilayani Tokopedia,4.9,Terjual 10 rb+
Logitech M650 Wireless Mouse Bluetooh M650/L M 650,Rp403.500,0.1,Rp450.000,Jakarta Barat,5,Terjual 2 rb+
Logitech Pebble M350 Wireless Bluetooth Mouse,Rp310.000,0,0,Depok,5,Terjual 250+
"Logitech B175 Mouse Wireless untuk Windows, Mac, Linux dan ChromeOS",Rp109.000,0.45,Rp199.000,Dilayani Tokopedia,4.9,Terjual 100 rb+
Logitech M220 Mouse Wireless Silent Click,Rp175.000,0.3,Rp249.000,Dilayani Tokopedia,4.9,Terjual 10 rb+
Exclusive Tokopedia - Logitech M275 Wireless Mouse - Black,Rp181.000,0.39,Rp299.000,Dilayani Tokopedia,4.9,Terjual 10 rb+
Logitech Mouse Kabel B100 GARANSI RESMI 1TAHUN,Rp49.000,0.3,Rp70.000,Jakarta Pusat,4.9,Terjual 10 rb+
Robot Guru Master 1 Vertical Bluetooth Wireless Mouse (spt Logitech),Rp198.000,0.01,Rp200.000,Jakarta Pusat,5,Terjual 500+
Keyboard Logitech K120 USB,Rp109.000,0,0,Dilayani Tokopedia,5,Terjual 9 rb+
Logitech H151 Headset Stereo Mikrofon Noise-Cancelling,Rp172.000,0.25,Rp229.000,Dilayani Tokopedia,4.9,Terjual 9 rb+
Logitech M331 Silent Plus Mouse Wireless M 331,Rp218.500,0.03,Rp225.000,Jakarta Barat,5,Terjual 6 rb+
Mouse Logitech B100 USB,Rp50.900,0,0,Dilayani Tokopedia,5,Terjual 10 rb+
[FS] Logitech M275 Wireless Mouse - Black,Rp181.000,0.39,Rp299.000,Jakarta Timur,4.9,Terjual 10 rb+
Logitech MX Master 3S Wireless Bluetooth Mouse MX Master 3 S,Rp1.499.999,0.02,Rp1.525.000,Dilayani Tokopedia,5,Terjual 1 rb+
[FS] Logitech M220 Silent Wireless Mouse - Graphite,Rp175.000,0.3,Rp249.000,Jakarta Timur,4.9,Terjual 10 rb+
Logitech MX Anywhere 3S Mouse Wireless Bluetooth Silent Rechargeable ,Rp989.000,0.29,Rp1.399.000,Jakarta Barat,5,Terjual 13
Logitech Wired Mouse M100R Kabel,Rp71.250,0,0,Jakarta Barat,5,Terjual 4 rb+
[FS] Logitech B175 Wireless Mouse,Rp109.000,0.45,Rp199.000,Jakarta Timur,4.9,Terjual 10 rb+
Logitech M720 Mouse Wireless Bluetooth Multi-Device Hyper Fast-Scroll,Rp684.000,0.26,Rp929.000,Dilayani Tokopedia,4.9,Terjual 500+
Logitech B100 Optical Usb Mouse Garansi Resmi Mouse Komputer,Rp51.000,0,0,Dilayani Tokopedia,5,Terjual 6 rb+
Mouse Logitech M90 ORIGINAL HD Optical Wired Mouse GARANSI RESMI1 Th,Rp47.000,0,0,Jakarta Pusat,5,Terjual 2 rb+
LOGITECH MOUSE KABEL B100 / CABLE MOUSE B 100 / 100% ORIGINAL,Rp48.000,0,0,Jakarta Pusat,4.9,Terjual 10 rb+
Logitech Pebble M350 Mouse Wireless Bluetooth Slim Silent – Blueberry,Rp309.000,0.16,Rp369.999,Dilayani Tokopedia,5,Terjual 1 rb+
Mouse Logitech Bluetooth M337,Rp100.000,0,0,Bandung,4.9,Terjual 100+
Logitech MK215 Combo Keyboard dan Mouse Wireless Compact,Rp265.000,0.11,Rp299.000,Dilayani Tokopedia,4.9,Terjual 10 rb+
Logitech Logi Bolt USB Receiver,Rp151.000,0,0,Jakarta Pusat,4.9,Terjual 100+
"Logitech B170 Mouse Wireless untuk Windows, Mac, Linux dan ChromeOS",Rp109.000,0.31,Rp159.000,Dilayani Tokopedia,4.9,Terjual 10 rb+
LOGITECH WIRELESS MOUSE M331 SILENT / MOUSE WIRELESS M 331 SILENT,Rp210.250,0.3,Rp299.000,Jakarta Utara,5,Terjual 2 rb+
Logitech Pop Mouse Wireless Bluetooth Mouse with Customizable Emoji,Rp378.000,0.16,Rp449.000,Jakarta Barat,5,Terjual 500+
[FS] Logitech Wireless Mouse M191 - Mid Grey,Rp139.000,0.54,Rp299.000,Jakarta Timur,4.9,Terjual 10 rb+
Logitech MX Master 3S for Mac Wireless Bluetooth Mouse - MX Master 3 S,Rp1.515.000,0.11,Rp1.699.000,Jakarta Barat,5,Terjual 90+
Logitech MX Master 3S Performance Mouse Wireless Bluetooth Quiet Click,Rp1.565.000,0.07,Rp1.689.000,Dilayani Tokopedia,5,Terjual 1 rb+
Logitech LIFT Mouse Ergonomic Vertical Wireless Bluetooth Silent,Rp797.000,0.47,Rp1.499.000,Jakarta Barat,5,Terjual 750+
Logitech MK120 Combo Keyboard dan Mouse Wired Combo,Rp149.000,0.12,Rp169.000,Jakarta Pusat,5,Terjual 500+
Logitech B100 Mouse Kabel USB Optical,Rp56.000,0.37,Rp89.000,Dilayani Tokopedia,4.9,Terjual 10 rb+
Logitech MK120 Combo Keyboard USB&Mouse USB,Rp152.000,0.02,Rp155.000,Jakarta Pusat,5,Terjual 4 rb+
"Logitech C270 Webcam HD 720p untuk Windows, Mac OS & Chrome OS",Rp271.000,0.4,Rp449.000,Dilayani Tokopedia,5,Terjual 10 rb+
Logitech M221 Mouse Wireless Silent Click - Charcoal,Rp197.000,0.27,Rp269.000,Dilayani Tokopedia,4.9,Terjual 3 rb+
Mouse Logitech B100 Optical USB Kabel/Mouse Kabel USB /Optical /Laptop,Rp47.400,0,0,Jakarta Pusat,5,Terjual 250+
Mouse Wireless Logitech M170 Original Garansi Resmi,Rp107.900,0,0,Jakarta Utara,5,Terjual 500+
Logitech MX Master 2S Mouse Wireless Bluetooth for Power User,Rp914.000,0.39,Rp1.499.000,Jakarta Timur,4.8,Terjual 1 rb+
Casing Hard Case Cover Pelindung Pouch Mouse Logitech M650L / M650,Rp84.999,0,0,Jakarta Utara,4.9,Terjual 250+
Logitech M350 Pebble Wireless Silent Mouse Logitech Peble M 350,Rp319.000,0,0,Jakarta Barat,5,Terjual 4 rb+
Logitech Pebble M350 Mouse Wireless Bluetooth Slim Silent,Rp309.000,0.16,Rp369.999,Dilayani Tokopedia,5,Terjual 10 rb+
Web Cam Logitech C270HD - Webcam Logitech C270HD,Rp250.000,0,0,Jakarta Barat,5,Terjual 3 rb+
Mouse Logitech M331 Silent Wireless,Rp207.000,0,0,Bandung,5,Terjual 2 rb+
Logitech M331 Mouse Wireless Silent Click - Blue,Rp227.000,0.24,Rp299.000,Dilayani Tokopedia,4.9,Terjual 3 rb+
Mouse Logitech Wireless M170 Original Garansi Resmi 1 Tahun,Rp111.100,0,0,Jakarta Pusat,5,Terjual 2 rb+
"Logitech M171 Mouse Wireless untuk Windows, Mac, ChromeOS - Grey",Rp155.000,0.18,Rp189.000,Dilayani Tokopedia,4.9,Terjual 1 rb+
Logitech Pebble Wireless Bluetooth Mouse M350,Rp289.700,0,0,Jakarta Pusat,5,Terjual 750+
Logitech M170 Mouse Wireless,Rp111.100,0,0,Jakarta Pusat,5,Terjual 2 rb+
"Logitech M171 Mouse Wireless untuk Windows, Mac, ChromeOS - Off White",Rp155.000,0.18,Rp189.000,Dilayani Tokopedia,4.9,Terjual 100+
Mouse LOGITECH B100 / B 100 USB,Rp48.800,0,0,Jakarta Pusat,5,Terjual 2 rb+
Logitech B100 Optical Mouse USB Original Garansi Resmi 1 Tahun,Rp49.000,0,0,Jakarta Pusat,5,Terjual 2 rb+
Logitech M221 Mouse Wireless Silent Click - Off White,Rp197.000,0.27,Rp269.000,Dilayani Tokopedia,4.9,Terjual 1 rb+
Logitech B175 Wireless Mouse Original Garansi Resmi,Rp105.000,0,0,Jakarta Barat,5,Terjual 1 rb+
Logitech Pebble Wireless Bluetooth Mouse M350 Garansi Resmi,Rp285.000,0.25,Rp380.000,Surakarta,4.9,Terjual 29
LOGITECH WIRELESS MOUSE M221 SILENT / MOUSE WIRELESS M 221 ORIGINAL,Rp177.800,0.29,Rp249.000,Jakarta Pusat,4.9,Terjual 750+
Mouse Logitech B100 Original Wired (Kabel),Rp47.000,0,0,Jakarta Pusat,4.9,Terjual 250+
LOGITECH Wireless Mouse Optical M331 SILENT PLUS M-331 BLACK,Rp210.000,0,0,Jakarta Pusat,5,Terjual 1 rb+
Mouse USB Logitech M90,Rp48.500,0,0,Jakarta Barat,5,Terjual 10 rb+
MOUSE USB LOGITECH B100 %ORIGINAL,Rp47.400,0,0,Jakarta Pusat,5,Terjual 1 rb+
Logitech Signature M650L Mouse Wireless Bluetooth Silent Garansi 1th,Rp397.000,0,0,Jakarta Pusat,5,Terjual 50+
[FS] Logitech B175 Wireless Mouse,Rp109.000,0.45,Rp199.000,Jakarta Timur,4.9,Terjual 10 rb+
Mouse Logitech B100,Rp50.500,0,0,Jakarta Barat,4.9,Terjual 6 rb+
Logitech M190 Mouse Wireless Full Size - Charcoal,Rp160.000,0.2,Rp199.000,Dilayani Tokopedia,4.9,Terjual 1 rb+
Logitech B100 Mouse Usb Wired Hitam Kabel Original,Rp45.000,0.1,Rp50.000,Tangerang,5,Terjual 100+
Mouse Logitech Wireless M170 Mouse Garansi Original Resmi,Rp109.500,0,0,Jakarta Pusat,5,Terjual 100+
Logitech LIFT Mouse Ergonomic Vertical Wireless Bluetooth Silent,Rp840.000,0.35,Rp1.289.000,Dilayani Tokopedia,5,Terjual 1 rb+
Webcame Logitech C270 HD Original / Webcamera / Kamera pc / laptop,Rp239.999,0.63,Rp650.000,Jakarta Utara,4.9,Terjual 1 rb+
Logitech M187 Mouse Wireless Mini Portable - White,Rp175.000,0.3,Rp249.000,Dilayani Tokopedia,4.9,Terjual 1 rb+
"Logitech K400 Plus Keyboard Wireless Touchpad untuk PC,SmartTV - Black",Rp475.000,0.35,Rp729.000,Dilayani Tokopedia,4.9,Terjual 2 rb+
Logitech C922 PRO STREAM Webcam Background Replacement + Tripod,Rp1.189.000,0.21,Rp1.499.000,Dilayani Tokopedia,5,Terjual 2 rb+
"Logitech B170 Mouse Wireless untuk Windows, Mac, Linux dan ChromeOS",Rp109.000,0.31,Rp159.000,Dilayani Tokopedia,4.9,Terjual 10 rb+
Logitech MX Anywhere 3 Mouse Wireless Mouse Bluetooth MX Anywhere3,Rp999.000,0.17,Rp1.199.000,Jakarta Barat,5,Terjual 1 rb+
"Logitech B175 Mouse Wireless untuk Windows, Mac, Linux dan ChromeOS",Rp109.000,0.45,Rp199.000,Dilayani Tokopedia,4.9,Terjual 100 rb+
Mouse Wireless Logitech M221 Silent Mouse,Rp183.000,0,0,Jakarta Barat,5,Terjual 250+
Logitech LIFT Mouse Ergonomic Vertical Wireless Bluetooth Silent,Rp840.000,0.35,Rp1.289.000,Dilayani Tokopedia,5,Terjual 1 rb+
